{
    "data": [
        {
            "category": "Alimento",
            "valor": 10,
            "inventory": 20,
            "id": 0.808992382394794
        },
        {
            "category": "Alimento",
            "valor": 10,
            "inventory": 20,
            "id": 0.25392291818308577
        }
    ]
}